<?xml version="1.0" encoding="UTF-8"?>
<project-private xmlns="http://www.netbeans.org/ns/project-private/1">
    <editor-bookmarks xmlns="http://www.netbeans.org/ns/editor-bookmarks/2" lastBookmarkId="0"/>
    <open-files xmlns="http://www.netbeans.org/ns/projectui-open-files/2">
        <group>
            <file>file:/C:/Users/RASHMIKA/Desktop/Java%20Assignment/Resource%20Allocation%20System/src/resource/allocation/system/ViewClasses/StartLoadingUI.java</file>
            <file>file:/C:/Users/RASHMIKA/Desktop/Java%20Assignment/Resource%20Allocation%20System/src/resource/allocation/system/DBConnection.java</file>
            <file>file:/C:/Users/RASHMIKA/Desktop/Java%20Assignment/Resource%20Allocation%20System/src/resource/allocation/system/ModelClasses/Admin.java</file>
        </group>
    </open-files>
</project-private>
